Season,Race,Track,Type,Pole Position,Winner,Winning Team,Winning Engine
1996,Indy 200 at Walt Disney World,Walt Disney World Speedway,Oval,Buddy Lazier,Buzz Calkins,Bradley,Ford Cosworth
1996,Dura Lube 200,Phoenix International Raceway,Oval,Arie Luyendyk,Arie Luyendyk,Byrd-Treadway,Ford Cosworth
1996,Indianapolis 500,Indianapolis Motor Speedway,Oval,Tony Steward,Buddy Lazier,Hemelgarn,Ford Cosworth
1996-97,True Value 200,New Hampshire International Speedway,Oval,Richie Hearn,Scott Sharp,AJ Foyt,Ford Cosworth
1996-97,1996 Las Vegas 500K,Las Vegas Motor Speedway,Oval,Arie Luyendyk,Richie Hearn,Della Penna,Ford Cosworth
1996-97,Indy 200 at Walt Disney World,Walt Disney World Speedway,Oval,Tony Steward,Eddie Cheever,Cheever,Oldsmobile
1996-97,Phoenix 200,Phoenix International Raceway,Oval,Tony Steward,Jim Guthrie,Blueprint,Oldsmobile
1996-97,Indianapolis 500,Indianapolis Motor Speedway,Oval,Arie Luyendyk,Arie Luyendyk,Treadway,Oldsmobile
1996-97,True Value 500,Texas Motor Speedway,Oval,Tony Steward,Arie Luyendyk,Treadway,Oldsmobile
1996-97,Samsonite 200,Pikes Peak International Raceway,Oval,Scott Sharp,Tony Stewart,Menard,Oldsmobile
1996-97,VisionAire 500,Charlotte Motor Speedway,Oval,Tony Steward,Buddy Lazier,Hemelgarn,Oldsmobile
1996-97,Pennzoil 200,New Hampshire International Speedway,Oval,Marco Greco,Robbie Buhl,Menard,Oldsmobile
1996-97,1997 Las Vegas 500K,Las Vegas Motor Speedway,Oval,Billy Boat,Eliseo Salazar,Scandia,Oldsmobile
1998,Indy 200 at Walt Disney World,Walt Disney World Speedway,Oval,Tony Steward,Tony Stewart,Menard,Oldsmobile
1998,Dura Lube 200,Phoenix International Raceway,Oval,Jeff Ward,Scott Sharp,Kelley,Oldsmobile
1998,Indianapolis 500,Indianapolis Motor Speedway,Oval,Billy Boat,Eddie Cheever,Cheever,Oldsmobile
1998,True Value 500,Texas Motor Speedway,Oval,Tony Steward,Billy Boat,AJ Foyt,Oldsmobile
1998,New England 200,New Hampshire International Speedway,Oval,Billy Boat,Tony Stewart,Menard,Oldsmobile
1998,Pep Boys 400K,Dover International Speedway,Oval,Tony Steward,Scott Sharp,Kelley,Oldsmobile
1998,VisionAire 500K,Charlotte Motor Speedway,Oval,Tony Steward,Kenny Brack,AJ Foyt,Oldsmobile
1998,Radisson 200,Pikes Peak International Raceway,Oval,Billy Boat,Kenny Brack,AJ Foyt,Oldsmobile
1998,Atlanta 500 Classic,Atlanta Motor Speedway,Oval,Billy Boat,Kenny Brack,AJ Foyt,Oldsmobile
1998,Lone Star 500,Texas Motor Speedway,Oval,Billy Boat,John Paul Jr.,Byrd-Cunningham,Oldsmobile
1998,Las Vegas 500K,Las Vegas Motor Speedway,Oval,Billy Boat,Arie Luyendyk,Treadway,Oldsmobile
1999,TransWorld Diversified Services Indy 200,Walt Disney World Speedway,Oval,Scott Sharp,Eddie Cheever,Cheever,Oldsmobile
1999,MCI World Com 200,Phoenix International Raceway,Oval,Greg Ray,Scott Goodyear,Panther,Oldsmobile
1999,VisionAire 500K,Charlotte Motor Speedway,Oval,Greg Ray,Cancelled,Cancelled,Cancelled
1999,Indianapolis 500,Indianapolis Motor Speedway,Oval,Arie Luyendyk,Kenny Brack,AJ Foyt,Oldsmobile
1999,Longhorn 500,Texas Motor Speedway,Oval,Mark Dismore,Scott Goodyear,Panther,Oldsmobile
1999,Radisson 200,Pikes Peak International Raceway,Oval,Greg Ray,Greg Ray,Menard,Oldsmobile
1999,Kobalt Mechanics Tools 500,Atlanta Motor Speedway,Oval,Billy Boat,Scott Sharp,Kelley,Oldsmobile
1999,MBNA Mid-Atlantic 200,Dover International Speedway,Oval,Mark Dismore,Greg Ray,Menard,Oldsmobile
1999,Colorado Indy 200,Pikes Peak International Raceway,Oval,Greg Ray,Greg Ray,Menard,Oldsmobile
1999,Vegas.com 500,Las Vegas Motor Speedway,Oval,Sam Schmidt,Sam Schmidt,Treadway,Oldsmobile
1999,Mall.com 500,Texas Motor Speedway,Oval,Greg Ray,Mark Dismore,Kelley,Oldsmobile
2000,Delphi Indy 200,Walt Disney World Speedway,Oval,Greg Ray,Robbie Buhl,Dreyer & Reinbold,Oldsmobile
2000,MCI World Com 200,Phoenix International Raceway,Oval,Greg Ray,Buddy Lazier,Hemelgarn,Oldsmobile
2000,Vegas Indy 300,Las Vegas Motor Speedway,Oval,Mark Dismore,Al Unser Jr.,Galles,Oldsmobile
2000,Indianapolis 500,Indianapolis Motor Speedway,Oval,Greg Ray,Juan Pablo Montoya,Chip Ganassi,Oldsmobile
2000,Casino Magic 500,Texas Motor Speedway,Oval,Buddy Lazier,Scott Sharp,Kelley,Oldsmobile
2000,Radisson 200,Pikes Peak International Raceway,Oval,Greg Ray,Eddie Cheever,Cheever,Infiniti
2000,Midas 500 Classic,Atlanta Motor Speedway,Oval,Greg Ray,Greg Ray,Menard,Oldsmobile
2000,Belterra Resort Indy 300,Kentucky Speedway,Oval,Scott Goodyear,Buddy Lazier,Hemelgarn,Oldsmobile
2000,Excite 500,Texas Motor Speedway,Oval,Greg Ray,Scott Goodyear,Panther,Oldsmobile
2001,Pennzoil Copper World Indy 200,Phoenix International Raceway,Oval,Greg Ray,Sam Hornish Jr.,Panther Racing,Oldsmobile
2001,Infiniti Grand Prix of Miami,Homestead-Miami Speedway,Oval,Jeff Ward,Sam Hornish Jr.,Panther Racing,Oldsmobile
2001,zMax 500,Atlanta Motor Speedway,Oval,Greg Ray,Greg Ray,Team Menard,Oldsmobile
2001,85th Indianapolis 500,Indianapolis Motor Speedway,Oval,Scott Sharp,Hélio Castroneves,Team Penske,Oldsmobile
2001,Casino Magic 500,Texas Motor Speedway,Oval,Mark Dismore,Scott Sharp,Kelley Racing,Oldsmobile
2001,Radisson Indy 200,Pikes Peak International Raceway,Oval,Greg Ray,Buddy Lazier,Hemelgarn Racing,Oldsmobile
2001,SunTrust Indy Challenge,Richmond International Raceway,Oval,Jaques Lazier,Buddy Lazier,Hemelgarn Racing,Oldsmobile
2001,Ameristar Casino Indy 200,Kansas Speedway,Oval,Scott Sharp,Eddie Cheever,Team Cheever,Infiniti
2001,Harrah's 200,Nashville Superspeedway,Oval,Greg Ray,Buddy Lazier,Hemelgarn Racing,Oldsmobile
2001,Belterra Resort Indy 300,Kentucky Speedway,Oval,Scott Sharp,Buddy Lazier,Hemelgarn Racing,Oldsmobile
2001,Gateway Indy 250,Gateway International Raceway,Oval,Sam Hornish Jr.,Al Unser Jr.,Galles Racing,Oldsmobile
2001,Delphi Indy 300,Chicagoland Speedway,Oval,Jaques Lazier,Jaques Lazier,Team Menard,Oldsmobile
2001,Chevy 500,Texas Motor Speedway,Oval,Sam Hornish Jr.,Sam Hornish Jr.,Panther Racing,Oldsmobile
2002,Grand Prix of Miami,Homestead-Miami Speedway,Oval,Sam Hornish Jr.,Sam Hornish Jr.,Panther Racing,Chevrolet
2002,Bombardier ATV 200,Phoenix International Raceway,Oval,Hélio Castroneves,Hélio Castroneves,Marlboro Team Penske,Chevrolet
2002,Yamaha Indy 400,California Speedway,Oval,Eddie Cheever,Sam Hornish Jr.,Panther Racing,Chevrolet
2002,Firestone Indy 225,Nazareth Speedway,Oval,Gil de Ferran,Scott Sharp,Kelley Racing,Chevrolet
2002,86th Indianapolis 500,Indianapolis Motor Speedway,Oval,Bruno Junqueira,Hélio Castroneves,Marlboro Team Penske,Chevrolet
2002,Boomtown 500,Texas Motor Speedway,Oval,Tomas Scheckter,Jeff Ward,Target Chip Ganassi Racing,Chevrolet
2002,Radisson Indy 225,Pikes Peak International Raceway,Oval,Gil de Ferran,Gil de Ferran,Marlboro Team Penske,Chevrolet
2002,SunTrust Indy Challenge,Richmond International Raceway,Oval,Gil de Ferran,Sam Hornish Jr.,Panther Racing,Chevrolet
2002,Ameristar Casino Indy 200,Kansas Speedway,Oval,Tomas Scheckter,Airton Daré,A. J. Foyt Enterprises,Chevrolet
2002,Firestone Indy 200,Nashville Superspeedway,Oval,Billy Boat,Alex Barron,Blair Racing,Chevrolet
2002,Michigan Indy 400,Michigan International Speedway,Oval,Tomas Scheckter,Tomas Scheckter,Cheever Racing,Chevrolet
2002,Belterra Casino Indy 300,Kentucky Speedway,Oval,Sarah Fisher,Felipe Giaffone,Mo Nunn Racing,Chevrolet
2002,Gateway Indy 250,Gateway International Raceway,Oval,Gil de Ferran,Gil de Ferran,Marlboro Team Penske,Chevrolet
2002,Delphi Indy 300,Chicagoland Speedway,Oval,Sam Hornish Jr.,Sam Hornish Jr.,Panther Racing,Chevrolet
2002,Chevy 500,Texas Motor Speedway,Oval,Vítor Meira,Sam Hornish Jr.,Panther Racing,Chevrolet
2003,Toyota Indy 300,Homestead-Miami Speedway,Oval,Tony Kanaan,Scott Dixon,Target Chip Ganassi Racing,Toyota
2003,Purex Dial Indy 200,Phoenix International Raceway,Oval,Tony Kanaan,Tony Kanaan,Andretti Green Racing,Honda
2003,Indy Japan 300,Twin Ring Motegi,Oval,Scott Dixon,Scott Sharp,Kelley Racing,Toyota
2003,87th Indianapolis 500,Indianapolis Motor Speedway,Oval,Hélio Castroneves,Gil de Ferran,Marlboro Team Penske,Toyota
2003,Bombardier 500,Texas Motor Speedway,Oval,Tomas Scheckter,Al Unser Jr.,Kelley Racing,Toyota
2003,Honda Indy 225,Pikes Peak International Raceway,Oval,Tony Kanaan,Scott Dixon,Target Chip Ganassi Racing,Toyota
2003,SunTrust Indy Challenge,Richmond International Raceway,Oval,Scott Dixon,Scott Dixon,Target Chip Ganassi Racing,Toyota
2003,Kansas Indy 300,Kansas Speedway,Oval,Scott Dixon,Bryan Herta,Andretti Green Racing,Honda
2003,Firestone Indy 200,Nashville Superspeedway,Oval,Scott Dixon,Gil de Ferran,Marlboro Team Penske,Toyota
2003,Firestone Indy 400,Michigan International Speedway,Oval,Tomas Scheckter,Alex Barron,Marlboro Team Penske,Toyota
2003,Emerson Indy 250,Gateway International Raceway,Oval,Hélio Castroneves,Hélio Castroneves,Marlboro Team Penske,Toyota
2003,Belterra Casino Indy 300,Kentucky Speedway,Oval,Sam Hornish Jr.,Sam Hornish Jr.,Panther Racing,Chevrolet
2003,Firestone Indy 225,Nazareth Speedway,Oval,Scott Dixon,Hélio Castroneves,Marlboro Team Penske,Toyota
2003,Delphi Indy 300,Chicagoland Speedway,Oval,Richie Hearn,Sam Hornish Jr.,Panther Racing,Chevrolet
2003,Toyota Indy 400,California Speedway,Oval,Hélio Castroneves,Sam Hornish Jr.,Panther Racing,Chevrolet
2003,Chevy 500,Texas Motor Speedway,Oval,Gil de Ferran,Gil de Ferran,Marlboro Team Penske,Toyota
2004,Toyota Indy 300,Homestead-Miami Speedway,Oval,Buddy Rice,Sam Hornish Jr.,Marlboro Team Penske,Toyota
2004,Copper World Indy 200,Phoenix International Raceway,Oval,Dan Wheldon,Tony Kanaan,Andretti Green Racing,Honda
2004,Indy Japan 300,Twin Ring Motegi,Oval,Dan Wheldon,Dan Wheldon,Andretti Green Racing,Honda
2004,88th Indianapolis 500,Indianapolis Motor Speedway,Oval,Buddy Rice,Buddy Rice,Rahal Letterman Racing,Honda
2004,Bombardier 500,Texas Motor Speedway,Oval,Dario Franchitti,Tony Kanaan,Andretti Green Racing,Honda
2004,SunTrust Indy Challenge,Richmond International Raceway,Oval,Hélio Castroneves,Dan Wheldon,Andretti Green Racing,Honda
2004,Argent Mortgage 300,Kansas Speedway,Oval,Buddy Rice,Buddy Rice,Rahal Letterman Racing,Honda
2004,Firestone Indy 200,Nashville Superspeedway,Oval,Buddy Rice,Tony Kanaan,Andretti Green Racing,Honda
2004,Menards A. J. Foyt 225,The Milwaukee Mile,Oval,Vítor Meira,Dario Franchitti,Andretti Green Racing,Honda
2004,Michigan Indy 400,Michigan International Speedway,Oval,Tony Kanaan,Buddy Rice,Rahal Letterman Racing,Honda
2004,Belterra Casino Indy 300,Kentucky Speedway,Oval,Buddy Rice,Adrián Fernández,Aguri-Fernández Racing,Honda
2004,Honda Indy 225,Pikes Peak International Raceway,Oval,Tony Kanaan,Dario Franchitti,Andretti Green Racing,Honda
2004,Firestone Indy 225,Nazareth Speedway,Oval,Hélio Castroneves,Dan Wheldon,Andretti Green Racing,Honda
2004,Delphi Indy 300,Chicagoland Speedway,Oval,Hélio Castroneves,Adrián Fernández,Aguri-Fernández Racing,Honda
2004,Toyota Indy 400,California Speedway,Oval,Hélio Castroneves,Adrián Fernández,Aguri-Fernández Racing,Honda
2004,Chevy 500,Texas Motor Speedway,Oval,Hélio Castroneves,Hélio Castroneves,Marlboro Team Penske,Toyota
2005,Toyota Indy 300,Homestead-Miami Speedway,Oval,Tomas Scheckter,Dan Wheldon,Andretti Green Racing,Honda
2005,XM Satellite Radio Indy 200,Phoenix International Raceway,Oval,Bryan Herta,Sam Hornish Jr.,Marlboro Team Penske,Toyota
2005,Honda Grand Prix of St. Petersburg,Streets of St. Petersburg,Street,Bryan Herta,Dan Wheldon,Andretti Green Racing,Honda
2005,Indy Japan 300,Twin Ring Motegi,Oval,Sam Hornish Jr.,Dan Wheldon,Andretti Green Racing,Honda
2005,89th Indianapolis 500,Indianapolis Motor Speedway,Oval,Tony Kanaan,Dan Wheldon,Andretti Green Racing,Honda
2005,Bombardier Learjet 500,Texas Motor Speedway,Oval,Tomas Scheckter,Tomas Scheckter,Panther Racing,Chevrolet
2005,SunTrust Indy Challenge,Richmond International Raceway,Oval,Sam Hornish Jr.,Hélio Castroneves,Marlboro Team Penske,Toyota
2005,Argent Mortgage Indy 300,Kansas Speedway,Oval,Danica Patrick,Tony Kanaan,Andretti Green Racing,Honda
2005,Firestone Indy 200,Nashville Superspeedway,Oval,Tomas Scheckter,Dario Franchitti,Andretti Green Racing,Honda
2005,ABC Supply Company A. J. Foyt 225,The Milwaukee Mile,Oval,Sam Hornish Jr.,Sam Hornish Jr.,Marlboro Team Penske,Toyota
2005,Firestone Indy 400,Michigan International Speedway,Oval,Bryan Herta,Bryan Herta,Andretti Green Racing,Honda
2005,AMBER Alert Portal Indy 300,Kentucky Speedway,Oval,Danica Patrick,Scott Sharp,Aguri-Fernández RacingDelphi Fernández Racing,Honda
2005,Honda Indy 225,Pikes Peak International Raceway,Oval,Hélio Castroneves,Dan Wheldon,Andretti Green Racing,Honda
2005,Argent Mortgage Indy Grand Prix,Infineon Raceway,Road,Ryan Briscoe,Tony Kanaan,Andretti Green Racing,Honda
2005,Peak Antifreeze Indy 300,Chicagoland Speedway,Oval,Danica Patrick,Dan Wheldon,Andretti Green Racing,Honda
2005,Watkins Glen Indy Grand Prix,Watkins Glen International,Road,Hélio Castroneves,Scott Dixon,Target Chip Ganassi Racing,Toyota
2005,Toyota Indy 400,California Speedway,Oval,Dario Franchitti,Dario Franchitti,Andretti Green Racing,Honda
2006,Toyota Indy 300,Homestead-Miami Speedway,Oval,Sam Hornish Jr.,Dan Wheldon,Target Chip Ganassi Racing,Honda
2006,Honda Grand Prix of St. Petersburg,Streets of St. Petersburg,Street,Dario Franchitti,Hélio Castroneves,Marlboro Team Penske,Honda
2006,Indy Japan 300,Twin Ring Motegi,Oval,Hélio Castroneves,Hélio Castroneves,Marlboro Team Penske,Honda
2006,90th Indianapolis 500,Indianapolis Motor Speedway,Oval,Sam Hornish Jr.,Sam Hornish Jr.,Marlboro Team Penske,Honda
2006,Watkins Glen Indy Grand Prix presented by Tissot,Watkins Glen International,Road,Hélio Castroneves,Scott Dixon,Target Chip Ganassi Racing,Honda
2006,Bombardier Learjet 500,Texas Motor Speedway,Oval,Sam Hornish Jr.,Hélio Castroneves,Marlboro Team Penske,Honda
2006,SunTrust Indy Challenge,Richmond International Raceway,Oval,Hélio Castroneves,Sam Hornish Jr.,Marlboro Team Penske,Honda
2006,Kansas Lottery Indy 300,Kansas Speedway,Oval,Dan Wheldon,Sam Hornish Jr.,Marlboro Team Penske,Honda
2006,Firestone Indy 200,Nashville Superspeedway,Oval,Dan Wheldon,Scott Dixon,Target Chip Ganassi Racing,Honda
2006,ABC Supply Company A. J. Foyt 225,The Milwaukee Mile,Oval,Hélio Castroneves,Tony Kanaan,Andretti Green Racing,Honda
2006,Firestone Indy 400,Michigan International Speedway,Oval,Hélio Castroneves,Hélio Castroneves,Marlboro Team Penske,Honda
2006,Meijer Indy 300 presented by Coca-Cola and Secret,Kentucky Speedway,Oval,Hélio Castroneves,Sam Hornish Jr.,Marlboro Team Penske,Honda
2006,Indy Grand Prix of Sonoma,Infineon Raceway,Road,Scott Dixon,Marco Andretti,Andretti Green Racing,Honda
2006,Peak Antifreeze Indy 300 presented by Mr. Clean,Chicagoland Speedway,Oval,Sam Hornish Jr.,Dan Wheldon,Target Chip Ganassi Racing,Honda
2007,XM Satellite Radio Indy 300,Homestead-Miami Speedway,Oval,Dan Wheldon,Dan Wheldon,Target Chip Ganassi Racing,Honda
2007,Honda Grand Prix of St. Petersburg,Streets of St. Petersburg,Street,Hélio Castroneves,Hélio Castroneves,Team Penske,Honda
2007,Indy Japan 300,Twin Ring Motegi,Oval,Hélio Castroneves,Tony Kanaan,Andretti Green Racing,Honda
2007,Kansas Lottery Indy 300,Kansas Speedway,Oval,Tony Kanaan,Dan Wheldon,Target Chip Ganassi Racing,Honda
2007,91st Indianapolis 500,Indianapolis Motor Speedway,Oval,Hélio Castroneves,Dario Franchitti,Andretti Green Racing,Honda
2007,ABC Supply Company A. J. Foyt 225,The Milwaukee Mile,Oval,Hélio Castroneves,Tony Kanaan,Andretti Green Racing,Honda
2007,Bombardier Learjet 550,Texas Motor Speedway,Oval,Scott Sharp,Sam Hornish Jr.,Team Penske,Honda
2007,Iowa Corn Indy 250 presented by Ethanol,Iowa Speedway,Oval,Scott Dixon,Dario Franchitti,Andretti Green Racing,Honda
2007,SunTrust Indy Challenge presented by XM Satellite Radio,Richmond International Raceway,Oval,Dario Franchitti,Dario Franchitti,Andretti Green Racing,Honda
2007,Camping World Watkins Glen Grand Prix,Watkins Glen International,Road,Hélio Castroneves,Scott Dixon,Target Chip Ganassi Racing,Honda
2007,Firestone Indy 200,Nashville Superspeedway,Oval,Scott Dixon,Scott Dixon,Target Chip Ganassi Racing,Honda
2007,The Honda 200 at Mid-Ohio presented by Westfield Insurance,Mid-Ohio Sports Car Course,Road,Hélio Castroneves,Scott Dixon,Target Chip Ganassi Racing,Honda
2007,Firestone Indy 400,Michigan International Speedway,Oval,Dario Franchitti,Tony Kanaan,Andretti Green Racing,Honda
2007,Meijer Indy 300 presented by Coca-Cola and Edy's,Kentucky Speedway,Oval,Tony Kanaan,Tony Kanaan,Andretti Green Racing,Honda
2007,Motorola Indy 300,Infineon Raceway,Road,Dario Franchitti,Scott Dixon,Target Chip Ganassi Racing,Honda
2007,Detroit Indy Grand Prix presented by Firestone,Belle Isle Park,Street,Hélio Castroneves,Tony Kanaan,Andretti Green Racing,Honda
2007,Peak Antifreeze Indy 300 presented by Mr. Clean,Chicagoland Speedway,Oval,Dario Franchitti,Dario Franchitti,Andretti Green Racing,Honda
2008,XM Indy 300 at Homestead-Miami,Homestead-Miami Speedway,Oval,Scott Dixon,Scott Dixon,Target Chip Ganassi Racing,Honda
2008,Honda IndyCar Grand Prix at St. Petersburg,Streets of St. Petersburg,Road,Tony Kanaan,Graham Rahal,Newman/Haas/Lanigan Racing,Honda
2008,Indy Japan 300 (see below),Twin Ring Motegi,Oval,Hélio Castroneves,Danica Patrick,Andretti Green Racing,Honda
2008,Toyota Grand Prix of Long Beach (see below),Streets of Long Beach,Road,Justin Wilson,Will Power,KV Racing Technology,Honda
2008,RoadRunner Turbo Indy 300,Kansas Speedway,Oval,Scott Dixon,Dan Wheldon,Panther Racing,Honda
2008,92nd Indianapolis 500,Indianapolis Motor Speedway,Oval,Scott Dixon,Scott Dixon,Target Chip Ganassi Racing,Honda
2008,ABC Supply Company A. J. Foyt 225,The Milwaukee Mile,Oval,Marco Andretti,Ryan Briscoe,Team Penske,Honda
2008,Bombardier Learjet IndyCar 550k at Texas,Texas Motor Speedway,Oval,Scott Dixon,Scott Dixon,Target Chip Ganassi Racing,Honda
2008,Ethanol IndyCar 250 at Iowa presented by Midwest Corn Growers,Iowa Speedway,Oval,Scott Dixon,Dan Wheldon,Panther Racing,Honda
2008,SunTrust Indy Challenge,Richmond International Raceway,Oval,Tony Kanaan,Tony Kanaan,Andretti Green Racing,Honda
2008,Camping World IndyCar Grand Prix at The Glen,Watkins Glen International,Road,Ryan Briscoe,Ryan Hunter-Reay,Rahal Letterman Racing,Honda
2008,Firestone IndyCar 200 at Nashville,Nashville Superspeedway,Oval,Hélio Castroneves,Scott Dixon,Target Chip Ganassi Racing,Honda
2008,Honda IndyCar Grand Prix at Mid-Ohio,Mid-Ohio Sports Car Course,Road,Hélio Castroneves,Ryan Briscoe,Team Penske,Honda
2008,Rexall Edmonton Indy,Edmonton City Centre Airport,Road,Ryan Briscoe,Scott Dixon,Target Chip Ganassi Racing,Honda
2008,Meijer Indy 300,Kentucky Speedway,Oval,Scott Dixon,Scott Dixon,Target Chip Ganassi Racing,Honda
2008,Peak Antifreeze & Motor Oil Indy Grand Prix of Sonoma County,Infineon Raceway,Road,Hélio Castroneves,Hélio Castroneves,Team Penske,Honda
2008,Detroit Indy Grand Prix presented by Firestone,The Raceway on Belle Isle Park,Road,Scott Dixon,Justin Wilson,Newman/Haas/Lanigan Racing,Honda
2008,Peak Antifreeze & Motor Oil Indy 300,Chicagoland Speedway,Oval,Ryan Briscoe,Hélio Castroneves,Team Penske,Honda
2008,Nikon Indy 300,Surfers Paradise Street Circuit,Road,Will Power,Ryan Briscoe,Team Penske,Honda
2009,Honda Grand Prix of St. Petersburg,Streets of St. Petersburg ,Road,Graham Rahal,Ryan Briscoe,Penske Racing,Honda
2009,Toyota Grand Prix of Long Beach,Streets of Long Beach ,Road,Will Power,Dario Franchitti,Target Chip Ganassi Racing,Honda
2009,RoadRunner Turbo Indy 300,Kansas Speedway ,Oval,Graham Rahal,Scott Dixon,Target Chip Ganassi Racing,Honda
2009,93rd Indianapolis 500,Indianapolis Motor Speedway ,Oval,Hélio Castroneves,Hélio Castroneves,Penske Racing,Honda
2009,ABC Supply Company A. J. Foyt 225,The Milwaukee Mile ,Oval,Ryan Briscoe,Scott Dixon,Target Chip Ganassi Racing,Honda
2009,Bombardier Learjet 550,Texas Motor Speedway ,Oval,Dario Franchitti,Hélio Castroneves,Penske Racing,Honda
2009,Iowa Corn Indy 250,Iowa Speedway ,Oval,Hélio Castroneves,Dario Franchitti,Target Chip Ganassi Racing,Honda
2009,SunTrust Indy Challenge,Richmond International Raceway ,Oval,Dario Franchitti,Scott Dixon,Target Chip Ganassi Racing,Honda
2009,Camping World Grand Prix at The Glen,Watkins Glen International ,Road,Ryan Briscoe,Justin Wilson,Dale Coyne Racing,Honda
2009,Honda Indy Toronto,Exhibition Place ,Road,Dario Franchitti,Dario Franchitti,Target Chip Ganassi Racing,Honda
2009,Rexall Edmonton Indy,Edmonton City Centre Airport ,Road,Will Power,Will Power,Penske Racing,Honda
2009,Meijer Indy 300,Kentucky Speedway ,Oval,Scott Dixon,Ryan Briscoe,Penske Racing,Honda
2009,Honda 200,Mid-Ohio Sports Car Course ,Road,Ryan Briscoe,Scott Dixon,Target Chip Ganassi Racing,Honda
2009,Indy Grand Prix of Sonoma,Infineon Raceway ,Road,Dario Franchitti,Dario Franchitti,Target Chip Ganassi Racing,Honda
2009,Peak Antifreeze & Motor Oil Indy 300,Chicagoland Speedway ,Oval,Ryan Briscoe,Ryan Briscoe,Penske Racing,Honda
2009,Indy Japan 300,Twin Ring Motegi ,Oval,Scott Dixon,Scott Dixon,Target Chip Ganassi Racing,Honda
2009,Firestone Indy 300,Homestead-Miami Speedway ,Oval,Dario Franchitti,Dario Franchitti,Target Chip Ganassi Racing,Honda
2010,São Paulo Indy 300,Streets of São Paulo ,Road,Dario Franchitti,Will Power,Team Penske,Honda
2010,Honda Grand Prix of St. Petersburg,Streets of St. Petersburg ,Road,Will Power,Will Power,Team Penske,Honda
2010,Indy Grand Prix of Alabama presented by Legacy Credit Union,Barber Motorsports Park ,Road,Will Power,Hélio Castroneves,Team Penske,Honda
2010,Toyota Grand Prix of Long Beach,Streets of Long Beach ,Road,Will Power,Ryan Hunter-Reay,Andretti Autosport,Honda
2010,RoadRunner Turbo Indy 300,Kansas Speedway ,Oval,Ryan Briscoe,Scott Dixon,Chip Ganassi Racing,Honda
2010,94th Indianapolis 500,Indianapolis Motor Speedway ,Oval,Hélio Castroneves,Dario Franchitti,Chip Ganassi Racing,Honda
2010,Firestone 550K,Texas Motor Speedway ,Oval,Ryan Briscoe,Ryan Briscoe,Team Penske,Honda
2010,Iowa Corn Indy 250,Iowa Speedway ,Oval,Will Power,Tony Kanaan,Andretti Autosport,Honda
2010,Camping World Grand Prix at The Glen,Watkins Glen International ,Road,Will Power,Will Power,Team Penske,Honda
2010,Honda Indy Toronto,Exhibition Place ,Road,Justin Wilson,Will Power,Team Penske,Honda
2010,Honda Indy Edmonton,Edmonton City Centre Airport ,Road,Will Power,Scott Dixon,Chip Ganassi Racing,Honda
2010,Honda Indy 200 presented by Westfield Insurance,Mid-Ohio Sports Car Course ,Road,Will Power,Dario Franchitti,Chip Ganassi Racing,Honda
2010,Indy Grand Prix of Sonoma,Infineon Raceway ,Road,Will Power,Will Power,Team Penske,Honda
2010,Peak Antifreeze and Motor Oil Indy 300,Chicagoland Speedway ,Oval,Ryan Briscoe,Dario Franchitti,Chip Ganassi Racing,Honda
2010,Kentucky Indy 300,Kentucky Speedway ,Oval,Ed Carpenter,Hélio Castroneves,Team Penske,Honda
2010,Indy Japan 300,Twin Ring Motegi ,Oval,Hélio Castroneves,Hélio Castroneves,Team Penske,Honda
2010,Cafés do Brasil Indy 300,Homestead-Miami Speedway ,Oval,Dario Franchitti,Scott Dixon,Chip Ganassi Racing,Honda
2011,Honda Grand Prix of St. Petersburg,Streets of St. Petersburg ,Road,Will Power,Dario Franchitti,Chip Ganassi Racing,Honda
2011,Honda Indy Grand Prix of Alabama presented by Legacy Credit Union,Barber Motorsports Park ,Road,Will Power,Will Power,Team Penske,Honda
2011,Toyota Grand Prix of Long Beach,Streets of Long Beach ,Road,Will Power,Mike Conway,Andretti Autosport,Honda
2011,Itaipava São Paulo Indy 300 presented by Nestlé,Streets of São Paulo ,Road,Will Power,Will Power,Team Penske,Honda
2011,95th Indianapolis 500,Indianapolis Motor Speedway ,Oval,Alex Tagliani,Dan Wheldon,Bryan Herta Autosport,Honda
2011,Firestone Twin 275s,Texas Motor Speedway ,Oval,Alex Tagliani,Dario Franchitti,Chip Ganassi Racing,Honda
2011,Firestone Twin 275s,Texas Motor Speedway ,Oval,Tony Kanaan,Will Power,Team Penske,Honda
2011,The Milwaukee 225,Milwaukee Mile ,Oval,Dario Franchitti,Dario Franchitti,Chip Ganassi Racing,Honda
2011,Iowa Corn Indy 250 presented by Pioneer,Iowa Speedway ,Oval,Takuma Sato,Marco Andretti,Andretti Autosport,Honda
2011,Honda Indy Toronto,Exhibition Place ,Road,Will Power,Dario Franchitti,Chip Ganassi Racing,Honda
2011,Edmonton Indy,Edmonton City Centre Airport ,Road,Takuma Sato,Will Power,Team Penske,Honda
2011,Honda 200 at Mid-Ohio presented by Westfield Insurance,Mid-Ohio Sports Car Course ,Road,Scott Dixon,Scott Dixon,Chip Ganassi Racing,Honda
2011,MoveThatBlock.com Indy 225,New Hampshire Motor Speedway ,Oval,Dario Franchitti,Ryan Hunter-Reay,A. J. Foyt Enterprises,Honda
2011,Indy Grand Prix of Sonoma,Infineon Raceway ,Road,Will Power,Will Power,Team Penske,Honda
2011,Grand Prix of Baltimore,Streets of Baltimore ,Road,Will Power,Will Power,Team Penske,Honda
2011,Indy Japan: The Final,Twin Ring Motegi Road Course ,Road,Scott Dixon,Scott Dixon,Chip Ganassi Racing,Honda
2011,Kentucky Indy 300,Kentucky Speedway ,Oval,Will Power,Ed Carpenter,Sarah Fisher Racing,Honda
2011,IZOD IndyCar World Championship presented by Honda,Las Vegas Motor Speedway ,Oval,Tony Kanaan,Race abandoned after 12 laps due to fatal crash of Dan Wheldon,Race abandoned after 12 laps due to fatal crash of Dan Wheldon,Race abandoned after 12 laps due to fatal crash of Dan Wheldon
2012,Honda Grand Prix of St. Petersburg,Streets of St. Petersburg ,Road,Will Power,Hélio Castroneves,Team Penske,Chevrolet
2012,Honda Indy Grand Prix of Alabama,Barber Motorsports Park ,Road,Hélio Castroneves,Will Power,Team Penske,Chevrolet
2012,38th Toyota Grand Prix of Long Beach,Streets of Long Beach ,Road,Ryan Briscoe[N 2],Will Power,Team Penske,Chevrolet
2012,Itaipava São Paulo Indy 300 presented by Nestlé,Streets of São Paulo ,Road,Will Power,Will Power,Team Penske,Chevrolet
2012,96th Indianapolis 500-Mile Race,Indianapolis Motor Speedway ,Oval,Ryan Briscoe,Dario Franchitti,Chip Ganassi Racing,Honda
2012,Chevrolet Detroit Belle Isle Grand Prix presented by ShopAutoWeek.com,Belle Isle ,Road,Scott Dixon,Scott Dixon,Chip Ganassi Racing,Honda
2012,Firestone 550,Texas Motor Speedway ,Oval,Alex Tagliani,Justin Wilson,Dale Coyne Racing,Honda
2012,Milwaukee IndyFest presented by XYQ,Milwaukee Mile ,Oval,Dario Franchitti,Ryan Hunter-Reay,Andretti Autosport,Chevrolet
2012,Iowa Corn Indy 250,Iowa Speedway ,Oval,Dario Franchitti,Ryan Hunter-Reay,Andretti Autosport,Chevrolet
2012,Honda Indy Toronto,Exhibition Place ,Road,Dario Franchitti,Ryan Hunter-Reay,Andretti Autosport,Chevrolet
2012,Edmonton Indy,Edmonton City Centre Airport ,Road,Ryan Hunter-Reay[N 3],Hélio Castroneves,Team Penske,Chevrolet
2012,Honda Indy 200 at Mid-Ohio,Mid-Ohio Sports Car Course ,Road,Will Power,Scott Dixon,Chip Ganassi Racing,Honda
2012,GoPro Indy Grand Prix of Sonoma,Sonoma Raceway ,Road,Will Power,Ryan Briscoe,Team Penske,Chevrolet
2012,Grand Prix of Baltimore presented by SRT,Streets of Baltimore ,Road,Will Power,Ryan Hunter-Reay,Andretti Autosport,Chevrolet
2012,MAVTV 500 IndyCar World Championships,Auto Club Speedway ,Oval,Marco Andretti,Ed Carpenter,Ed Carpenter Racing,Chevrolet
2013,Honda Grand Prix of St. Petersburg,Streets of St. Petersburg ,Road,Will Power,James Hinchcliffe,Andretti Autosport,Chevrolet
2013,Honda Indy Grand Prix of Alabama,Barber Motorsports Park ,Road,Ryan Hunter-Reay,Ryan Hunter-Reay,Andretti Autosport,Chevrolet
2013,39th Toyota Grand Prix of Long Beach,Streets of Long Beach ,Road,Dario Franchitti,Takuma Sato,A. J. Foyt Enterprises,Honda
2013,Itaipava São Paulo Indy 300 presented by Nestlé[50],Streets of São Paulo ,Road,Ryan Hunter-Reay,James Hinchcliffe,Andretti Autosport,Chevrolet
2013,97th Indianapolis 500-Mile Race,Indianapolis Motor Speedway ,Oval,Ed Carpenter,Tony Kanaan,KV Racing Technology,Chevrolet
2013,Chevrolet Indy Dual in Detroit presented by Quicken Loans,Belle Isle ,Road,Dario Franchitti,Mike Conway,Dale Coyne Racing,Honda
2013,Chevrolet Indy Dual in Detroit presented by Quicken Loans,Belle Isle ,Road,Mike Conway,Simon Pagenaud,Schmidt Hamilton Motorsports,Honda
2013,Firestone 550,Texas Motor Speedway ,Oval,Will Power,Hélio Castroneves,Team Penske,Chevrolet
2013,Milwaukee IndyFest,Milwaukee Mile ,Oval,Marco Andretti,Ryan Hunter-Reay,Andretti Autosport,Chevrolet
2013,Iowa Corn Indy 250 presented by DeKalb,Iowa Speedway ,Oval,Hélio Castroneves,James Hinchcliffe,Andretti Autosport,Chevrolet
2013,Pocono IndyCar 400 fueled by Sunoco,Pocono Raceway ,Oval,Marco Andretti,Scott Dixon,Chip Ganassi Racing,Honda
2013,Honda Indy Toronto,Exhibition Place ,Road,Dario Franchitti,Scott Dixon,Chip Ganassi Racing,Honda
2013,Honda Indy Toronto,Exhibition Place ,Road,Scott Dixon,Scott Dixon,Chip Ganassi Racing,Honda
2013,Honda Indy 200 at Mid-Ohio,Mid-Ohio Sports Car Course ,Road,Ryan Hunter-Reay,Charlie Kimball,Chip Ganassi Racing,Honda
2013,GoPro Indy Grand Prix of Sonoma,Sonoma Raceway ,Road,Dario Franchitti,Will Power,Team Penske,Chevrolet
2013,Grand Prix of Baltimore,Streets of Baltimore ,Road,Scott Dixon,Simon Pagenaud,Schmidt Hamilton Motorsports,Honda
2013,Shell and Pennzoil Grand Prix of Houston,Reliant Park ,Road,Takuma Sato,Scott Dixon,Chip Ganassi Racing,Honda
2013,Shell and Pennzoil Grand Prix of Houston,Reliant Park ,Road,Hélio Castroneves,Will Power,Team Penske,Chevrolet
2013,MAVTV 500 IndyCar World Championships,Auto Club Speedway ,Oval,Will Power,Will Power,Team Penske,Chevrolet
2014,Firestone Grand Prix of St. Petersburg,Streets of St. Petersburg ,Road,Takuma Sato,Will Power,Team Penske,Chevrolet
2014,40th Toyota Grand Prix of Long Beach,Streets of Long Beach ,Road,Ryan Hunter-Reay,Mike Conway,Ed Carpenter Racing,Chevrolet
2014,Honda Indy Grand Prix of Alabama,Barber Motorsports Park ,Road,Will Power,Ryan Hunter-Reay,Andretti Autosport,Honda
2014,Grand Prix of Indianapolis,Indianapolis Motor Speedway Road Course ,Road,Sebastián Saavedra,Simon Pagenaud,Schmidt Peterson Motorsports,Honda
2014,98th Indianapolis 500-Mile Race,Indianapolis Motor Speedway ,Oval,Ed Carpenter,Ryan Hunter-Reay,Andretti Autosport,Honda
2014,Chevrolet Indy Dual in Detroit presented by Quicken Loans,Belle Isle ,Road,Hélio Castroneves,Will Power,Team Penske,Chevrolet
2014,Chevrolet Indy Dual in Detroit presented by Quicken Loans,Belle Isle ,Road,Takuma Sato,Hélio Castroneves,Team Penske,Chevrolet
2014,Firestone 600K,Texas Motor Speedway ,Oval,Will Power,Ed Carpenter,Ed Carpenter Racing,Chevrolet
2014,Shell and Pennzoil Grand Prix of Houston,Reliant Park ,Road,Simon Pagenaud,Carlos Huertas,Dale Coyne Racing,Honda
2014,Shell and Pennzoil Grand Prix of Houston,Reliant Park ,Road,Hélio Castroneves,Simon Pagenaud,Schmidt Peterson Motorsports,Honda
2014,Pocono IndyCar 500 fueled by Sunoco,Pocono Raceway ,Oval,Juan Pablo Montoya,Juan Pablo Montoya,Team Penske,Chevrolet
2014,Iowa Corn Indy 300 presented by DeKalb,Iowa Speedway ,Oval,Scott Dixon,Ryan Hunter-Reay,Andretti Autosport,Honda
2014,Honda Indy Toronto,Exhibition Place ,Road,Sébastien Bourdais,Sébastien Bourdais,KVSH Racing,Chevrolet
2014,Honda Indy Toronto,Exhibition Place ,Road,Hélio Castroneves,Mike Conway,Ed Carpenter Racing,Chevrolet
2014,Honda Indy 200 at Mid-Ohio,Mid-Ohio Sports Car Course ,Road,Sébastien Bourdais,Scott Dixon,Chip Ganassi Racing,Chevrolet
2014,ABC Supply Wisconsin 250,The Milwaukee Mile ,Oval,Will Power,Will Power,Team Penske,Chevrolet
2014,GoPro Grand Prix of Sonoma,Sonoma Raceway ,Road,Will Power,Scott Dixon,Chip Ganassi Racing,Chevrolet
2014,MAVTV 500 IndyCar World Championships,Auto Club Speedway ,Oval,Hélio Castroneves,Tony Kanaan,Chip Ganassi Racing,Chevrolet
2015,Firestone Grand Prix of St. Petersburg,Streets of St. Petersburg ,Road,Will Power,Juan Pablo Montoya,Team Penske,Chevrolet
2015,Indy Grand Prix of Louisiana,NOLA Motorsports Park ,Road,Juan Pablo Montoya,James Hinchcliffe,Schmidt Peterson Motorsports,Honda
2015,41st Toyota Grand Prix of Long Beach,Streets of Long Beach ,Road,Hélio Castroneves,Scott Dixon,Chip Ganassi Racing,Chevrolet
2015,Honda Indy Grand Prix of Alabama,Barber Motorsports Park ,Road,Hélio Castroneves,Josef Newgarden,CFH Racing,Chevrolet
2015,Angie's List Grand Prix of Indianapolis,Indianapolis Motor Speedway Road Course ,Road,Will Power,Will Power,Team Penske,Chevrolet
2015,99th Indianapolis 500,Indianapolis Motor Speedway ,Oval,Scott Dixon,Juan Pablo Montoya,Team Penske,Chevrolet
2015,Chevrolet Indy Dual in Detroit,Belle Isle ,Road,Will Power,Carlos Muñoz,Andretti Autosport,Honda
2015,Chevrolet Indy Dual in Detroit,Belle Isle ,Road,Juan Pablo Montoya,Sébastien Bourdais,KVSH Racing,Chevrolet
2015,Firestone 600,Texas Motor Speedway ,Oval,Will Power,Scott Dixon,Chip Ganassi Racing,Chevrolet
2015,Honda Indy Toronto,Exhibition Place ,Road,Will Power,Josef Newgarden,CFH Racing,Chevrolet
2015,MAVTV 500,Auto Club Speedway ,Oval,Simon Pagenaud,Graham Rahal,Rahal Letterman Lanigan Racing,Honda
2015,ABC Supply Wisconsin 250,The Milwaukee Mile ,Oval,Josef Newgarden,Sébastien Bourdais,KVSH Racing,Chevrolet
2015,Iowa Corn 300,Iowa Speedway ,Oval,Hélio Castroneves,Ryan Hunter-Reay,Andretti Autosport,Honda
2015,Honda Indy 200,Mid-Ohio Sports Car Course ,Road,Scott Dixon,Graham Rahal,Rahal Letterman Lanigan Racing,Honda
2015,ABC Supply 500,Pocono Raceway ,Oval,Hélio Castroneves,Ryan Hunter-Reay,Andretti Autosport,Honda
2015,GoPro Grand Prix of Sonoma,Sonoma Raceway ,Road,Will Power,Scott Dixon,Chip Ganassi Racing,Chevrolet
2016,Firestone Grand Prix of St. Petersburg,Streets of St. Petersburg, ,Will Power,Juan Pablo Montoya,Team Penske,Chevrolet
2016,Desert Diamond West Valley Phoenix Grand Prix,Phoenix International Raceway, ,Hélio Castroneves,Scott Dixon,Chip Ganassi Racing,Chevrolet
2016,42nd Toyota Grand Prix of Long Beach,Streets of Long Beach, ,Hélio Castroneves,Simon Pagenaud,Team Penske,Chevrolet
2016,Honda Indy Grand Prix of Alabama,Barber Motorsports Park, ,Simon Pagenaud,Simon Pagenaud,Team Penske,Chevrolet
2016,Angie's List Grand Prix of Indianapolis,Indianapolis Motor Speedway Road Course, ,Simon Pagenaud,Simon Pagenaud,Team Penske,Chevrolet
2016,100th Indianapolis 500 presented by PennGrade,Indianapolis Motor Speedway, ,James Hinchcliffe,Alexander Rossi,Andretti Herta Autosport,Honda
2016,Chevrolet Dual in Detroit presented by Quicken Loans,The Raceway at Belle Isle Park, ,Simon Pagenaud,Sébastien Bourdais,KVSH Racing,Chevrolet
2016,Chevrolet Dual in Detroit presented by Quicken Loans,The Raceway at Belle Isle Park, ,Simon Pagenaud,Will Power,Team Penske,Chevrolet
2016,Kohler Grand Prix,Road America, ,Will Power,Will Power,Team Penske,Chevrolet
2016,Iowa Corn 300,Iowa Speedway, ,Simon Pagenaud,Josef Newgarden,Ed Carpenter Racing,Chevrolet
2016,Honda Indy Toronto,Exhibition Place, ,Scott Dixon,Will Power,Team Penske,Chevrolet
2016,Honda Indy 200,Mid-Ohio Sports Car Course, ,Simon Pagenaud,Simon Pagenaud,Team Penske,Chevrolet
2016,ABC Supply 500,Pocono Raceway, ,Mikhail Aleshin,Will Power,Team Penske,Chevrolet
2016,Firestone 600,Texas Motor Speedway, ,Carlos Muñoz,Graham Rahal,Rahal Letterman Lanigan Racing,Honda
2016,Grand Prix at The Glen,Watkins Glen International, ,Scott Dixon,Scott Dixon,Chip Ganassi Racing,Chevrolet
2016,GoPro Grand Prix of Sonoma,Sonoma Raceway, ,Simon Pagenaud,Simon Pagenaud,Team Penske,Chevrolet
2017,Firestone Grand Prix of St. Petersburg,Streets of St. Petersburg,Street,Will Power,Sébastien Bourdais,Dale Coyne Racing,Honda
2017,Toyota Grand Prix of Long Beach,Streets of Long Beach,Street,Hélio Castroneves,James Hinchcliffe,Schmidt Peterson Motorsports,Honda
2017,Honda Indy Grand Prix of Alabama,Barber Motorsports Park,Road,Will Power,Josef Newgarden,Team Penske,Chevrolet
2017,Desert Diamond West Valley Phoenix Grand Prix,Phoenix International Raceway,Oval,Hélio Castroneves,Simon Pagenaud,Team Penske,Chevrolet
2017,IndyCar Grand Prix,Indianapolis Motor Speedway Road Course,Road,Will Power,Will Power,Team Penske,Chevrolet
2017,101st Indianapolis 500 presented by PennGrade,Indianapolis Motor Speedway,Oval,Scott Dixon,Takuma Sato,Andretti Autosport,Honda
2017,Chevrolet Detroit Grand Prix presented by Lear Corporation,The Raceway at Belle Isle Park,Street,Graham Rahal,Graham Rahal,Rahal Letterman Lanigan Racing,Honda
2017,Chevrolet Detroit Grand Prix presented by Lear Corporation,The Raceway at Belle Isle Park,Street,Takuma Sato,Graham Rahal,Rahal Letterman Lanigan Racing,Honda
2017,Rainguard Water Sealers 600,Texas Motor Speedway,Oval,Charlie Kimball,Will Power,Team Penske,Chevrolet
2017,Kohler Grand Prix,Road America,Road,Hélio Castroneves,Scott Dixon,Chip Ganassi Racing,Honda
2017,Iowa Corn 300,Iowa Speedway,Oval,Will Power,Hélio Castroneves,Team Penske,Chevrolet
2017,Honda Indy Toronto,Exhibition Place,Street,Simon Pagenaud,Josef Newgarden,Team Penske,Chevrolet
2017,Honda Indy 200,Mid-Ohio Sports Car Course,Road,Will Power,Josef Newgarden,Team Penske,Chevrolet
2017,ABC Supply 500,Pocono Raceway,Oval,Takuma Sato,Will Power,Team Penske,Chevrolet
2017,Bommarito Automotive Group 500 presented by Valvoline,Gateway Motorsports Park,Oval,Will Power,Josef Newgarden,Team Penske,Chevrolet
2017,Grand Prix at The Glen,Watkins Glen International,Road,Alexander Rossi,Alexander Rossi,Andretti Herta Autosport with Curb Agajanian,Honda
2017,GoPro Grand Prix of Sonoma,Sonoma Raceway,Road,Josef Newgarden,Simon Pagenaud,Team Penske,Chevrolet
2018,Firestone Grand Prix of St. Petersburg,Streets of St. Petersburg,Road,Robert Wickens,Sébastien Bourdais,Dale Coyne Racing with Vasser Sullivan,Honda
2018,Desert Diamond West Valley Phoenix Grand Prix,ISM Raceway,Oval,Sébastien Bourdais,Josef Newgarden,Team Penske,Chevrolet
2018,Toyota Grand Prix of Long Beach,Streets of Long Beach,Road,Alexander Rossi,Alexander Rossi,Andretti Autosport,Honda
2018,Honda Indy Grand Prix of Alabama,Barber Motorsports Park,Road,Josef Newgarden,Josef Newgarden,Team Penske,Chevrolet
2018,IndyCar Grand Prix,Indianapolis Motor Speedway Road Course,Road,Will Power,Will Power,Team Penske,Chevrolet
2018,102nd Indianapolis 500 presented by PennGrade Motor Oil,Indianapolis Motor Speedway,Oval,Ed Carpenter,Will Power,Team Penske,Chevrolet
2018,Chevrolet Detroit Grand Prix presented by Lear Corporation,Belle Isle Park,Road,Marco Andretti,Scott Dixon,Chip Ganassi Racing,Honda
2018,Chevrolet Detroit Grand Prix presented by Lear Corporation,Belle Isle Park,Road,Alexander Rossi,Ryan Hunter-Reay,Andretti Autosport,Honda
2018,DXC Technology 600,Texas Motor Speedway,Oval,Josef Newgarden,Scott Dixon,Chip Ganassi Racing,Honda
2018,Kohler Grand Prix,Road America,Road,Josef Newgarden,Josef Newgarden,Team Penske,Chevrolet
2018,Iowa Corn 300,Iowa Speedway,Oval,Will Power,James Hinchcliffe,Schmidt Peterson Motorsports,Honda
2018,Honda Indy Toronto,Exhibition Place,Road,Josef Newgarden,Scott Dixon,Chip Ganassi Racing,Honda
2018,Honda Indy 200 at Mid-Ohio,Mid-Ohio Sports Car Course,Road,Alexander Rossi,Alexander Rossi,Andretti Autosport,Honda
2018,ABC Supply 500,Pocono Raceway,Oval,Will Power,Alexander Rossi,Andretti Autosport,Honda
2018,Bommarito Automotive Group 500 presented by Valvoline,Gateway Motorsports Park,Oval,Scott Dixon,Will Power,Team Penske,Chevrolet
2018,Grand Prix of Portland,Portland International Raceway,Road,Will Power,Takuma Sato,Rahal Letterman Lanigan Racing,Honda
2018,Indycar Grand Prix of Sonoma,Sonoma Raceway,Road,Ryan Hunter-Reay,Ryan Hunter-Reay,Andretti Autosport,Honda
2019,Firestone Grand Prix of St. Petersburg,Streets of St. Petersburg,Road,Will Power,Josef Newgarden,Team Penske,Chevrolet
2019,IndyCar Classic[70],Circuit of the Americas,Road,Will Power,Colton Herta,Harding Steinbrenner Racing,Honda
2019,Honda Indy Grand Prix of Alabama presented by AmFirst,Barber Motorsports Park,Road,Takuma Sato,Takuma Sato,Rahal Letterman Lanigan Racing,Honda
2019,Acura Grand Prix of Long Beach,Streets of Long Beach,Road,Alexander Rossi,Alexander Rossi,Andretti Autosport,Honda
2019,IndyCar Grand Prix,Indianapolis Motor Speedway Road Course,Road,Felix Rosenqvist,Simon Pagenaud,Team Penske,Chevrolet
2019,103rd Running of the Indianapolis 500 presented by Gainbridge,Indianapolis Motor Speedway,Oval,Simon Pagenaud,Simon Pagenaud,Team Penske,Chevrolet
2019,Chevrolet Detroit Grand Prix presented by Lear Corporation,The Raceway on Belle Isle,Road,Alexander Rossi,Josef Newgarden,Team Penske,Chevrolet
2019,Chevrolet Detroit Grand Prix presented by Lear Corporation,The Raceway on Belle Isle,Road,Josef Newgarden,Scott Dixon,Chip Ganassi Racing,Honda
2019,DXC Technology 600,Texas Motor Speedway,Oval,Takuma Sato,Josef Newgarden,Team Penske,Chevrolet
2019,REV Group Grand Prix at Road America,Road America,Road,Colton Herta,Alexander Rossi,Andretti Autosport,Honda
2019,Honda Indy Toronto,Exhibition Place,Road,Simon Pagenaud,Simon Pagenaud,Team Penske,Chevrolet
2019,Iowa 300,Iowa Speedway,Oval,Simon Pagenaud,Josef Newgarden,Team Penske,Chevrolet
2019,Honda Indy 200 at Mid-Ohio,Mid-Ohio Sports Car Course,Road,Will Power,Scott Dixon,Chip Ganassi Racing,Honda
2019,ABC Supply 500,Pocono Raceway,Oval,Josef Newgarden,Will Power,Team Penske,Chevrolet
2019,Bommarito Automotive Group 500 presented by Axalta and Valvoline,World Wide Technology Raceway,Oval,Josef Newgarden,Takuma Sato,Rahal Letterman Lanigan Racing,Honda
2019,Grand Prix of Portland,Portland International Raceway,Road,Colton Herta,Will Power,Team Penske,Chevrolet
2019,Firestone Grand Prix of Monterey,WeatherTech Raceway Laguna Seca,Road,Colton Herta,Colton Herta,Harding Steinbrenner Racing,Honda
2020,Genesys 300,Texas Motor Speedway,Oval,Josef Newgarden,Scott Dixon,Chip Ganassi Racing,Honda
2020,GMR Grand Prix,Indianapolis Motor Speedway Road Course,Road,Will Power,Scott Dixon,Chip Ganassi Racing,Honda
2020,REV Group Grand Prix presented by AMR Doubleheader,Road America,Road,Josef Newgarden,Scott Dixon,Chip Ganassi Racing,Honda
2020,REV Group Grand Prix presented by AMR Doubleheader,Road America,Road,Patricio O'Ward,Felix Rosenqvist,Chip Ganassi Racing,Honda
2020,Iowa INDYCAR 250s,Iowa Speedway,Oval,Conor Daly,Simon Pagenaud,Team Penske,Chevrolet
2020,Iowa INDYCAR 250s,Iowa Speedway,Oval,Josef Newgarden,Josef Newgarden,Team Penske,Chevrolet
2020,104th Running of the Indianapolis 500 presented by Gainbridge,Indianapolis Motor Speedway,Oval,Marco Andretti,Takuma Sato,Rahal Letterman Lanigan Racing,Honda
2020,Bommarito Automotive Group 500 presented by Axalta and Valvoline,World Wide Technology Raceway,Oval,Will Power,Scott Dixon,Chip Ganassi Racing,Honda
2020,Bommarito Automotive Group 500 presented by Axalta and Valvoline,World Wide Technology Raceway,Oval,Takuma Sato,Josef Newgarden,Team Penske,Chevrolet
2020,Honda Indy 200 at Mid-Ohio,Mid-Ohio Sports Car Course,Road,Will Power,Will Power,Team Penske,Chevrolet
2020,Honda Indy 200 at Mid-Ohio,Mid-Ohio Sports Car Course,Road,Colton Herta,Colton Herta,Andretti Harding Steinbrenner Autosport,Honda
2020,INDYCAR Harvest GP,Indianapolis Motor Speedway Road Course,Road,Rinus VeeKay,Josef Newgarden,Team Penske,Chevrolet
2020,INDYCAR Harvest GP,Indianapolis Motor Speedway Road Course,Road,Will Power,Will Power,Team Penske,Chevrolet
2020,Firestone Grand Prix of St. Petersburg,Streets of St. Petersburg,Road,Will Power,Josef Newgarden,Team Penske,Chevrolet
2021,Honda Indy Grand Prix of Alabama presented by AmFirst,Barber Motorsports Park,Road,Pato O'Ward,Álex Palou,Chip Ganassi Racing,Honda
2021,Firestone Grand Prix of St. Petersburg,Streets of St. Petersburg,Road,Colton Herta,Colton Herta,Andretti Autosport,Honda
2021,Genesys 300,Texas Motor Speedway,Oval,Álex Palou,Scott Dixon,Chip Ganassi Racing,Honda
2021,XPEL 375,Texas Motor Speedway,Oval,Scott Dixon,Pato O'Ward,Arrow McLaren SP,Chevrolet
2021,GMR Grand Prix,Indianapolis Motor Speedway Road Course,Road,Romain Grosjean,Rinus VeeKay,Ed Carpenter Racing,Chevrolet
2021,105th Running of the Indianapolis 500,Indianapolis Motor Speedway,Oval,Scott Dixon,Hélio Castroneves,Meyer Shank Racing,Honda
2021,Chevrolet Detroit Grand Prix,Belle Isle Street Circuit,Road,Pato O'Ward,Marcus Ericsson,Chip Ganassi Racing,Honda
2021,Chevrolet Detroit Grand Prix,Belle Isle Street Circuit,Road,Josef Newgarden,Pato O'Ward,Arrow McLaren SP,Chevrolet
2021,REV Group Grand Prix at Road America,Road America,Road,Josef Newgarden,Álex Palou,Chip Ganassi Racing,Honda
2021,Honda Indy 200 at Mid-Ohio,Mid-Ohio Sports Car Course,Road,Josef Newgarden,Josef Newgarden,Team Penske,Chevrolet
2021,Big Machine Music City Grand Prix,Nashville Street Circuit,Road,Colton Herta,Marcus Ericsson,Chip Ganassi Racing,Honda
2021,Big Machine Spiked Coolers Grand Prix,Indianapolis Motor Speedway Road Course,Road,Pato O'Ward,Will Power,Team Penske,Chevrolet
2021,Bommarito Automotive Group 500,World Wide Technology Raceway,Oval,Will Power,Josef Newgarden,Team Penske,Chevrolet
2021,Grand Prix of Portland,Portland International Raceway,Road,Álex Palou,Álex Palou,Chip Ganassi Racing,Honda
2021,Firestone Grand Prix of Monterey,WeatherTech Raceway Laguna Seca,Road,Colton Herta,Colton Herta,Andretti Autosport,Honda
2021,Acura Grand Prix of Long Beach,Streets of Long Beach,Road,Josef Newgarden,Colton Herta,Andretti Autosport,Honda
